Run,Assay Type,AvgSpotLen,Bases,BioProject,BioSample,BioSampleModel,Bytes,Center Name,Collection_Date,Consent,DATASTORE filetype,DATASTORE provider,DATASTORE region,env_broad_scale,env_local_scale,env_medium,Experiment,geo_loc_name_country,geo_loc_name_country_continent,geo_loc_name,Instrument,lat_lon,Library Name,LibraryLayout,LibrarySelection,LibrarySource,Organism,Platform,ReleaseDate,create_date,version,Sample Name,SRA Study,Sample_Number
SRR14530767,RNA-Seq,302,1002141096,PRJNA729801,SAMN19167949,"MIMS.me,MIGS/MIMS/MIMARKS.wastewater",355196105,UNIVERSITY OF CALIFORNIA RIVERSIDE,2020-08-11,public,"fastq,run.zq,sra","gs,ncbi,s3","gs.us-east1,ncbi.public,s3.us-east-1",wastewater,influent wastewater,Composite wastewater,SRX10875571,USA,North America,USA: California,Illumina NovaSeq 6000,33.925506 N 118.430709 W,HTP_8_11_2020_INF_unenriched,PAIRED,cDNA,METATRANSCRIPTOMIC,wastewater metagenome,ILLUMINA,2021-07-13T00:00:00Z,2021-05-15T08:11:00Z,1,HTP_8_11_2020_INF_unenriched,SRP319776,61
SRR14530766,RNA-Seq,302,845611778,PRJNA729801,SAMN19167950,"MIMS.me,MIGS/MIMS/MIMARKS.wastewater",294773440,UNIVERSITY OF CALIFORNIA RIVERSIDE,2020-08-18,public,"fastq,run.zq,sra","gs,ncbi,s3","gs.us-east1,ncbi.public,s3.us-east-1",wastewater,influent wastewater,Composite wastewater,SRX10875572,USA,North America,USA: California,Illumina NovaSeq 6000,33.925506 N 118.430709 W,HTP_8_18_2020_INF_unenriched,PAIRED,cDNA,METATRANSCRIPTOMIC,wastewater metagenome,ILLUMINA,2021-07-13T00:00:00Z,2021-05-15T08:10:00Z,1,HTP_8_18_2020_INF_unenriched,SRP319776,62
SRR14530765,RNA-Seq,302,1052849916,PRJNA729801,SAMN19167951,"MIMS.me,MIGS/MIMS/MIMARKS.wastewater",359261362,UNIVERSITY OF CALIFORNIA RIVERSIDE,2020-08-25,public,"fastq,run.zq,sra","gs,ncbi,s3","gs.us-east1,ncbi.public,s3.us-east-1",wastewater,influent wastewater,Composite wastewater,SRX10875573,USA,North America,USA: California,Illumina NovaSeq 6000,33.925506 N 118.430709 W,HTP_8_25_2020_INF_unenriched,PAIRED,cDNA,METATRANSCRIPTOMIC,wastewater metagenome,ILLUMINA,2021-07-13T00:00:00Z,2021-05-15T08:10:00Z,1,HTP_8_25_2020_INF_unenriched,SRP319776,63
SRR14530764,RNA-Seq,302,1088613058,PRJNA729801,SAMN19167952,"MIMS.me,MIGS/MIMS/MIMARKS.wastewater",384372595,UNIVERSITY OF CALIFORNIA RIVERSIDE,2020-09-01,public,"fastq,run.zq,sra","gs,ncbi,s3","gs.us-east1,ncbi.public,s3.us-east-1",wastewater,influent wastewater,Composite wastewater,SRX10875574,USA,North America,USA: California,Illumina NovaSeq 6000,33.925506 N 118.430709 W,HTP_9_01_2020_INF_unenriched,PAIRED,cDNA,METATRANSCRIPTOMIC,wastewater metagenome,ILLUMINA,2021-07-13T00:00:00Z,2021-05-15T08:10:00Z,1,HTP_9_01_2020_INF_unenriched,SRP319776,64
SRR14530763,RNA-Seq,302,1072402604,PRJNA729801,SAMN19167953,"MIMS.me,MIGS/MIMS/MIMARKS.wastewater",380221581,UNIVERSITY OF CALIFORNIA RIVERSIDE,2020-09-08,public,"fastq,run.zq,sra","gs,ncbi,s3","gs.us-east1,ncbi.public,s3.us-east-1",wastewater,influent wastewater,Composite wastewater,SRX10875575,USA,North America,USA: California,Illumina NovaSeq 6000,33.925506 N 118.430709 W,HTP_9_08_2020_INF_unenriched,PAIRED,cDNA,METATRANSCRIPTOMIC,wastewater metagenome,ILLUMINA,2021-07-13T00:00:00Z,2021-05-15T08:11:00Z,1,HTP_9_08_2020_INF_unenriched,SRP319776,65
SRR14530762,RNA-Seq,302,1081069400,PRJNA729801,SAMN19167954,"MIMS.me,MIGS/MIMS/MIMARKS.wastewater",377604683,UNIVERSITY OF CALIFORNIA RIVERSIDE,2020-09-15,public,"fastq,run.zq,sra","gs,ncbi,s3","gs.us-east1,ncbi.public,s3.us-east-1",wastewater,influent wastewater,Composite wastewater,SRX10875576,USA,North America,USA: California,Illumina NovaSeq 6000,33.925506 N 118.430709 W,HTP_9_15_2020_INF_unenriched,PAIRED,cDNA,METATRANSCRIPTOMIC,wastewater metagenome,ILLUMINA,2021-07-13T00:00:00Z,2021-05-15T08:10:00Z,1,HTP_9_15_2020_INF_unenriched,SRP319776,66
SRR14530881,RNA-Seq,202,2606638300,PRJNA729801,SAMN19168010,"MIMS.me,MIGS/MIMS/MIMARKS.wastewater",783830711,UNIVERSITY OF CALIFORNIA RIVERSIDE,2020-09-22,public,"fastq,run.zq,sra","gs,ncbi,s3","gs.us-east1,ncbi.public,s3.us-east-1",wastewater,influent wastewater,Composite wastewater,SRX10875456,USA,North America,USA: California,Illumina NovaSeq 6000,33.925506 N 118.430709 W,HTP_9_22_2020_INF_unenriched,PAIRED,cDNA,METATRANSCRIPTOMIC,wastewater metagenome,ILLUMINA,2021-07-13T00:00:00Z,2021-05-15T08:19:00Z,1,HTP_9_22_2020_INF_unenriched,SRP319776,122
SRR14530880,RNA-Seq,202,2752590976,PRJNA729801,SAMN19168011,"MIMS.me,MIGS/MIMS/MIMARKS.wastewater",821977411,UNIVERSITY OF CALIFORNIA RIVERSIDE,2020-09-29,public,"fastq,run.zq,sra","gs,ncbi,s3","gs.us-east1,ncbi.public,s3.us-east-1",wastewater,influent wastewater,Composite wastewater,SRX10875457,USA,North America,USA: California,Illumina NovaSeq 6000,33.925506 N 118.430709 W,HTP_9_29_2020_INF_unenriched,PAIRED,cDNA,METATRANSCRIPTOMIC,wastewater metagenome,ILLUMINA,2021-07-13T00:00:00Z,2021-05-15T08:19:00Z,1,HTP_9_29_2020_INF_unenriched,SRP319776,123
SRR14530772,RNA-Seq,302,1387753118,PRJNA729801,SAMN19167945,"MIMS.me,MIGS/MIMS/MIMARKS.wastewater",485606526,UNIVERSITY OF CALIFORNIA RIVERSIDE,2020-10-02,public,"fastq,run.zq,sra","gs,ncbi,s3","gs.us-east1,ncbi.public,s3.us-east-1",wastewater,influent wastewater,Composite wastewater,SRX10875566,USA,North America,USA: California,Illumina NovaSeq 6000,33.925506 N 118.430709 W,HTP_10_02_2020_INF_unenriched,PAIRED,cDNA,METATRANSCRIPTOMIC,wastewater metagenome,ILLUMINA,2021-07-13T00:00:00Z,2021-05-15T08:12:00Z,1,HTP_10_02_2020_INF_unenriched,SRP319776,57
SRR14530771,RNA-Seq,302,658109340,PRJNA729801,SAMN19167946,"MIMS.me,MIGS/MIMS/MIMARKS.wastewater",224672052,UNIVERSITY OF CALIFORNIA RIVERSIDE,2020-10-13,public,"fastq,run.zq,sra","gs,ncbi,s3","gs.us-east1,ncbi.public,s3.us-east-1",wastewater,influent wastewater,Composite wastewater,SRX10875567,USA,North America,USA: California,Illumina NovaSeq 6000,33.925506 N 118.430709 W,HTP_10_13_2020_INF_unenriched,PAIRED,cDNA,METATRANSCRIPTOMIC,wastewater metagenome,ILLUMINA,2021-07-13T00:00:00Z,2021-05-15T08:10:00Z,1,HTP_10_13_2020_INF_unenriched,SRP319776,58
SRR14530770,RNA-Seq,302,1313924688,PRJNA729801,SAMN19167947,"MIMS.me,MIGS/MIMS/MIMARKS.wastewater",461743637,UNIVERSITY OF CALIFORNIA RIVERSIDE,2020-10-20,public,"fastq,run.zq,sra","gs,ncbi,s3","gs.us-east1,ncbi.public,s3.us-east-1",wastewater,influent wastewater,Composite wastewater,SRX10875568,USA,North America,USA: California,Illumina NovaSeq 6000,33.925506 N 118.430709 W,HTP_10_20_2020_INF_unenriched,PAIRED,cDNA,METATRANSCRIPTOMIC,wastewater metagenome,ILLUMINA,2021-07-13T00:00:00Z,2021-05-15T08:11:00Z,1,HTP_10_20_2020_INF_unenriched,SRP319776,59
SRR14530769,RNA-Seq,302,1273072242,PRJNA729801,SAMN19167948,"MIMS.me,MIGS/MIMS/MIMARKS.wastewater",451294504,UNIVERSITY OF CALIFORNIA RIVERSIDE,2020-10-27,public,"fastq,run.zq,sra","gs,ncbi,s3","gs.us-east1,ncbi.public,s3.us-east-1",wastewater,influent wastewater,Composite wastewater,SRX10875569,USA,North America,USA: California,Illumina NovaSeq 6000,33.925506 N 118.430709 W,HTP_10_27_2020_INF_unenriched,PAIRED,cDNA,METATRANSCRIPTOMIC,wastewater metagenome,ILLUMINA,2021-07-13T00:00:00Z,2021-05-15T08:11:00Z,1,HTP_10_27_2020_INF_unenriched,SRP319776,60
SRR14530888,RNA-Seq,202,2329973646,PRJNA729801,SAMN19168004,"MIMS.me,MIGS/MIMS/MIMARKS.wastewater",695286666,UNIVERSITY OF CALIFORNIA RIVERSIDE,2020-11-03,public,"fastq,run.zq,sra","gs,ncbi,s3","gs.us-east1,ncbi.public,s3.us-east-1",wastewater,influent wastewater,Composite wastewater,SRX10875449,USA,North America,USA: California,Illumina NovaSeq 6000,33.925506 N 118.430709 W,HTP_11_3_2020_INF_unenriched,PAIRED,cDNA,METATRANSCRIPTOMIC,wastewater metagenome,ILLUMINA,2021-07-13T00:00:00Z,2021-05-15T08:18:00Z,1,HTP_11_3_2020_INF_unenriched,SRP319776,116
SRR14530890,RNA-Seq,202,3311720714,PRJNA729801,SAMN19168002,"MIMS.me,MIGS/MIMS/MIMARKS.wastewater",988250565,UNIVERSITY OF CALIFORNIA RIVERSIDE,2020-11-17,public,"fastq,run.zq,sra","gs,ncbi,s3","gs.us-east1,ncbi.public,s3.us-east-1",wastewater,influent wastewater,Composite wastewater,SRX10875447,USA,North America,USA: California,Illumina NovaSeq 6000,33.925506 N 118.430709 W,HTP_11_17_2020_INF_unenriched,PAIRED,cDNA,METATRANSCRIPTOMIC,wastewater metagenome,ILLUMINA,2021-07-13T00:00:00Z,2021-05-15T08:21:00Z,1,HTP_11_17_2020_INF_unenriched,SRP319776,114
SRR14530889,RNA-Seq,202,2231267154,PRJNA729801,SAMN19168003,"MIMS.me,MIGS/MIMS/MIMARKS.wastewater",664323658,UNIVERSITY OF CALIFORNIA RIVERSIDE,2020-11-24,public,"fastq,run.zq,sra","gs,ncbi,s3","gs.us-east1,ncbi.public,s3.us-east-1",wastewater,influent wastewater,Composite wastewater,SRX10875448,USA,North America,USA: California,Illumina NovaSeq 6000,33.925506 N 118.430709 W,HTP_11_24_2020_INF_unenriched,PAIRED,cDNA,METATRANSCRIPTOMIC,wastewater metagenome,ILLUMINA,2021-07-13T00:00:00Z,2021-05-15T08:18:00Z,1,HTP_11_24_2020_INF_unenriched,SRP319776,115
SRR14530887,RNA-Seq,202,2406391458,PRJNA729801,SAMN19168005,"MIMS.me,MIGS/MIMS/MIMARKS.wastewater",721745873,UNIVERSITY OF CALIFORNIA RIVERSIDE,2020-12-01,public,"fastq,run.zq,sra","gs,ncbi,s3","gs.us-east1,ncbi.public,s3.us-east-1",wastewater,influent wastewater,Composite wastewater,SRX10875450,USA,North America,USA: California,Illumina NovaSeq 6000,33.925506 N 118.430709 W,HTP_12_01_2020_INF_unenriched,PAIRED,cDNA,METATRANSCRIPTOMIC,wastewater metagenome,ILLUMINA,2021-07-13T00:00:00Z,2021-05-15T08:18:00Z,1,HTP_12_01_2020_INF_unenriched,SRP319776,117
SRR14530886,RNA-Seq,202,2196670008,PRJNA729801,SAMN19168006,"MIMS.me,MIGS/MIMS/MIMARKS.wastewater",653213424,UNIVERSITY OF CALIFORNIA RIVERSIDE,2020-12-04,public,"fastq,run.zq,sra","gs,ncbi,s3","gs.us-east1,ncbi.public,s3.us-east-1",wastewater,influent wastewater,Composite wastewater,SRX10875451,USA,North America,USA: California,Illumina NovaSeq 6000,33.925506 N 118.430709 W,HTP_12_04_2020_INF_unenriched,PAIRED,cDNA,METATRANSCRIPTOMIC,wastewater metagenome,ILLUMINA,2021-07-13T00:00:00Z,2021-05-15T08:18:00Z,1,HTP_12_04_2020_INF_unenriched,SRP319776,118
SRR14530885,RNA-Seq,202,2415967066,PRJNA729801,SAMN19168007,"MIMS.me,MIGS/MIMS/MIMARKS.wastewater",723417042,UNIVERSITY OF CALIFORNIA RIVERSIDE,2020-12-15,public,"fastq,run.zq,sra","gs,ncbi,s3","gs.us-east1,ncbi.public,s3.us-east-1",wastewater,influent wastewater,Composite wastewater,SRX10875452,USA,North America,USA: California,Illumina NovaSeq 6000,33.925506 N 118.430709 W,HTP_12_15_2020_INF_unenriched,PAIRED,cDNA,METATRANSCRIPTOMIC,wastewater metagenome,ILLUMINA,2021-07-13T00:00:00Z,2021-05-15T08:19:00Z,1,HTP_12_15_2020_INF_unenriched,SRP319776,119
SRR14530884,RNA-Seq,202,1790028252,PRJNA729801,SAMN19168008,"MIMS.me,MIGS/MIMS/MIMARKS.wastewater",539032224,UNIVERSITY OF CALIFORNIA RIVERSIDE,2020-12-22,public,"fastq,run.zq,sra","gs,ncbi,s3","gs.us-east1,ncbi.public,s3.us-east-1",wastewater,influent wastewater,Composite wastewater,SRX10875453,USA,North America,USA: California,Illumina NovaSeq 6000,33.925506 N 118.430709 W,HTP_12_22_2020_INF_unenriched,PAIRED,cDNA,METATRANSCRIPTOMIC,wastewater metagenome,ILLUMINA,2021-07-13T00:00:00Z,2021-05-15T08:17:00Z,1,HTP_12_22_2020_INF_unenriched,SRP319776,120
SRR14530882,RNA-Seq,202,2323821332,PRJNA729801,SAMN19168009,"MIMS.me,MIGS/MIMS/MIMARKS.wastewater",801816902,UNIVERSITY OF CALIFORNIA RIVERSIDE,2020-12-29,public,"fastq,run.zq,sra","gs,ncbi,s3","gs.us-east1,ncbi.public,s3.us-east-1",wastewater,influent wastewater,Composite wastewater,SRX10875455,USA,North America,USA: California,Illumina NovaSeq 6000,33.925506 N 118.430709 W,HTP_12_29_2020_INF_unenriched,PAIRED,cDNA,METATRANSCRIPTOMIC,wastewater metagenome,ILLUMINA,2021-07-13T00:00:00Z,2021-05-15T08:18:00Z,1,HTP_12_29_2020_INF_unenriched,SRP319776,121
SRR14530891,RNA-Seq,202,1944544314,PRJNA729801,SAMN19168001,"MIMS.me,MIGS/MIMS/MIMARKS.wastewater",601884846,UNIVERSITY OF CALIFORNIA RIVERSIDE,2021-01-03,public,"fastq,run.zq,sra","gs,ncbi,s3","gs.us-east1,ncbi.public,s3.us-east-1",wastewater,influent wastewater,Composite wastewater,SRX10875446,USA,North America,USA: California,Illumina NovaSeq 6000,33.925506 N 118.430709 W,HTP_01_03_2021_INF_unenriched,PAIRED,cDNA,METATRANSCRIPTOMIC,wastewater metagenome,ILLUMINA,2021-07-13T00:00:00Z,2021-05-15T08:18:00Z,1,HTP_01_03_2021_INF_unenriched,SRP319776,113
SRR18341023,RNA-Seq,202,6099820866,PRJNA729801,SAMN26732501,"MIMS.me,MIGS/MIMS/MIMARKS.wastewater",1919211367,UNIVERSITY OF CALIFORNIA: IRVINE,2021-01-05,public,"fastq,run.zq,sra","gs,ncbi,s3","gs.us-east1,ncbi.public,s3.us-east-1",wastewater,influent wastewater,Composite wastewater,SRX14477148,USA,North America,USA: California,Illumina NovaSeq 6000,33.925506 N 118.430709 W,HTP_1_5_21,PAIRED,cDNA,METATRANSCRIPTOMIC,wastewater metagenome,ILLUMINA,2022-08-03T00:00:00Z,2022-03-19T00:16:00Z,1,HTP_1_5_21,SRP319776,
SRR18341022,RNA-Seq,202,6083527142,PRJNA729801,SAMN26732502,"MIMS.me,MIGS/MIMS/MIMARKS.wastewater",1917950451,UNIVERSITY OF CALIFORNIA: IRVINE,2021-01-07,public,"fastq,run.zq,sra","gs,ncbi,s3","gs.us-east1,ncbi.public,s3.us-east-1",wastewater,influent wastewater,Composite wastewater,SRX14477149,USA,North America,USA: California,Illumina NovaSeq 6000,33.925506 N 118.430709 W,HTP_1_7_21,PAIRED,cDNA,METATRANSCRIPTOMIC,wastewater metagenome,ILLUMINA,2022-08-03T00:00:00Z,2022-03-19T05:09:00Z,1,HTP_1_7_21,SRP319776,
SRR18341033,RNA-Seq,202,3257035880,PRJNA729801,SAMN26732492,"MIMS.me,MIGS/MIMS/MIMARKS.wastewater",1022684737,UNIVERSITY OF CALIFORNIA: IRVINE,2021-01-10,public,"fastq,run.zq,sra","gs,ncbi,s3","gs.us-east1,ncbi.public,s3.us-east-1",wastewater,influent wastewater,Composite wastewater,SRX14477138,USA,North America,USA: California,Illumina NovaSeq 6000,33.925506 N 118.430709 W,HTP_1_10_21,PAIRED,cDNA,METATRANSCRIPTOMIC,wastewater metagenome,ILLUMINA,2022-08-03T00:00:00Z,2022-03-18T23:08:00Z,1,HTP_1_10_21,SRP319776,
SRR18341032,RNA-Seq,202,3918312170,PRJNA729801,SAMN26732493,"MIMS.me,MIGS/MIMS/MIMARKS.wastewater",1269870249,UNIVERSITY OF CALIFORNIA: IRVINE,2021-01-12,public,"fastq,run.zq,sra","gs,ncbi,s3","gs.us-east1,ncbi.public,s3.us-east-1",wastewater,influent wastewater,Composite wastewater,SRX14477139,USA,North America,USA: California,Illumina NovaSeq 6000,33.925506 N 118.430709 W,HTP_1_12_21,PAIRED,cDNA,METATRANSCRIPTOMIC,wastewater metagenome,ILLUMINA,2022-08-03T00:00:00Z,2022-03-19T01:54:00Z,1,HTP_1_12_21,SRP319776,
SRR18341031,RNA-Seq,202,7179337146,PRJNA729801,SAMN26732494,"MIMS.me,MIGS/MIMS/MIMARKS.wastewater",2274203305,UNIVERSITY OF CALIFORNIA: IRVINE,2021-01-14,public,"fastq,run.zq,sra","gs,ncbi,s3","gs.us-east1,ncbi.public,s3.us-east-1",wastewater,influent wastewater,Composite wastewater,SRX14477140,USA,North America,USA: California,Illumina NovaSeq 6000,33.925506 N 118.430709 W,HTP_1_14_21,PAIRED,cDNA,METATRANSCRIPTOMIC,wastewater metagenome,ILLUMINA,2022-08-03T00:00:00Z,2022-03-19T00:54:00Z,1,HTP_1_14_21,SRP319776,
SRR18341030,RNA-Seq,202,8509943870,PRJNA729801,SAMN26732495,"MIMS.me,MIGS/MIMS/MIMARKS.wastewater",2718578284,UNIVERSITY OF CALIFORNIA: IRVINE,2021-01-19,public,"fastq,run.zq,sra","gs,ncbi,s3","gs.us-east1,ncbi.public,s3.us-east-1",wastewater,influent wastewater,Composite wastewater,SRX14477141,USA,North America,USA: California,Illumina NovaSeq 6000,33.925506 N 118.430709 W,HTP_1_19_21,PAIRED,cDNA,METATRANSCRIPTOMIC,wastewater metagenome,ILLUMINA,2022-08-03T00:00:00Z,2022-03-19T01:27:00Z,1,HTP_1_19_21,SRP319776,
SRR18341029,RNA-Seq,202,6685563498,PRJNA729801,SAMN26732496,"MIMS.me,MIGS/MIMS/MIMARKS.wastewater",2107323063,UNIVERSITY OF CALIFORNIA: IRVINE,2021-01-21,public,"fastq,run.zq,sra","gs,ncbi,s3","gs.us-east1,ncbi.public,s3.us-east-1",wastewater,influent wastewater,Composite wastewater,SRX14477142,USA,North America,USA: California,Illumina NovaSeq 6000,33.925506 N 118.430709 W,HTP_1_21_21,PAIRED,cDNA,METATRANSCRIPTOMIC,wastewater metagenome,ILLUMINA,2022-08-03T00:00:00Z,2022-03-18T23:22:00Z,1,HTP_1_21_21,SRP319776,
SRR18341027,RNA-Seq,202,2937283818,PRJNA729801,SAMN26732497,"MIMS.me,MIGS/MIMS/MIMARKS.wastewater",952153211,UNIVERSITY OF CALIFORNIA: IRVINE,2021-01-24,public,"fastq,run.zq,sra","gs,ncbi,s3","gs.us-east1,ncbi.public,s3.us-east-1",wastewater,influent wastewater,Composite wastewater,SRX14477144,USA,North America,USA: California,Illumina NovaSeq 6000,33.925506 N 118.430709 W,HTP_1_24_21,PAIRED,cDNA,METATRANSCRIPTOMIC,wastewater metagenome,ILLUMINA,2022-08-03T00:00:00Z,2022-03-19T00:09:00Z,1,HTP_1_24_21,SRP319776,
SRR18341026,RNA-Seq,202,2967162042,PRJNA729801,SAMN26732498,"MIMS.me,MIGS/MIMS/MIMARKS.wastewater",947836621,UNIVERSITY OF CALIFORNIA: IRVINE,2021-01-26,public,"fastq,run.zq,sra","gs,ncbi,s3","gs.us-east1,ncbi.public,s3.us-east-1",wastewater,influent wastewater,Composite wastewater,SRX14477145,USA,North America,USA: California,Illumina NovaSeq 6000,33.925506 N 118.430709 W,HTP_1_26_21,PAIRED,cDNA,METATRANSCRIPTOMIC,wastewater metagenome,ILLUMINA,2022-08-03T00:00:00Z,2022-03-18T23:08:00Z,1,HTP_1_26_21,SRP319776,
SRR18341025,RNA-Seq,202,10409011924,PRJNA729801,SAMN26732499,"MIMS.me,MIGS/MIMS/MIMARKS.wastewater",3348502299,UNIVERSITY OF CALIFORNIA: IRVINE,2021-01-28,public,"fastq,run.zq,sra","gs,ncbi,s3","gs.us-east1,ncbi.public,s3.us-east-1",wastewater,influent wastewater,Composite wastewater,SRX14477146,USA,North America,USA: California,Illumina NovaSeq 6000,33.925506 N 118.430709 W,HTP_1_28_21,PAIRED,cDNA,METATRANSCRIPTOMIC,wastewater metagenome,ILLUMINA,2022-08-03T00:00:00Z,2022-03-19T00:30:00Z,1,HTP_1_28_21,SRP319776,
SRR18341024,RNA-Seq,202,6295791368,PRJNA729801,SAMN26732500,"MIMS.me,MIGS/MIMS/MIMARKS.wastewater",1992099294,UNIVERSITY OF CALIFORNIA: IRVINE,2021-01-31,public,"fastq,run.zq,sra","gs,ncbi,s3","gs.us-east1,ncbi.public,s3.us-east-1",wastewater,influent wastewater,Composite wastewater,SRX14477147,USA,North America,USA: California,Illumina NovaSeq 6000,33.925506 N 118.430709 W,HTP_1_31_21,PAIRED,cDNA,METATRANSCRIPTOMIC,wastewater metagenome,ILLUMINA,2022-08-03T00:00:00Z,2022-03-23T02:33:00Z,1,HTP_1_31_21,SRP319776,
SRR18341016,RNA-Seq,202,4468216972,PRJNA729801,SAMN26732507,"MIMS.me,MIGS/MIMS/MIMARKS.wastewater",1396015385,UNIVERSITY OF CALIFORNIA: IRVINE,2021-02-02,public,"fastq,run.zq,sra","gs,ncbi,s3","gs.us-east1,ncbi.public,s3.us-east-1",wastewater,influent wastewater,Composite wastewater,SRX14477155,USA,North America,USA: California,Illumina NovaSeq 6000,33.925506 N 118.430709 W,HTP_2_2_21,PAIRED,cDNA,METATRANSCRIPTOMIC,wastewater metagenome,ILLUMINA,2022-08-03T00:00:00Z,2022-03-18T22:59:00Z,1,HTP_2_2_21,SRP319776,
SRR18340984,RNA-Seq,202,9205510670,PRJNA729801,SAMN26732511,"MIMS.me,MIGS/MIMS/MIMARKS.wastewater",2911049911,UNIVERSITY OF CALIFORNIA: IRVINE,2021-02-04,public,"fastq,run.zq,sra","gs,ncbi,s3","gs.us-east1,ncbi.public,s3.us-east-1",wastewater,influent wastewater,Composite wastewater,SRX14477187,USA,North America,USA: California,Illumina NovaSeq 6000,33.925506 N 118.430709 W,HTP_2_4_21,PAIRED,cDNA,METATRANSCRIPTOMIC,wastewater metagenome,ILLUMINA,2022-08-03T00:00:00Z,2022-03-18T23:55:00Z,1,HTP_2_4_21,SRP319776,
SRR18340983,RNA-Seq,202,5354811536,PRJNA729801,SAMN26732512,"MIMS.me,MIGS/MIMS/MIMARKS.wastewater",1700294755,UNIVERSITY OF CALIFORNIA: IRVINE,2021-02-07,public,"fastq,run.zq,sra","gs,ncbi,s3","gs.us-east1,ncbi.public,s3.us-east-1",wastewater,influent wastewater,Composite wastewater,SRX14477188,USA,North America,USA: California,Illumina NovaSeq 6000,33.925506 N 118.430709 W,HTP_2_7_21,PAIRED,cDNA,METATRANSCRIPTOMIC,wastewater metagenome,ILLUMINA,2022-08-03T00:00:00Z,2022-03-18T23:58:00Z,1,HTP_2_7_21,SRP319776,
SRR18340982,RNA-Seq,202,5829827262,PRJNA729801,SAMN26732513,"MIMS.me,MIGS/MIMS/MIMARKS.wastewater",1827084704,UNIVERSITY OF CALIFORNIA: IRVINE,2021-02-09,public,"fastq,run.zq,sra","gs,ncbi,s3","gs.us-east1,ncbi.public,s3.us-east-1",wastewater,influent wastewater,Composite wastewater,SRX14477189,USA,North America,USA: California,Illumina NovaSeq 6000,33.925506 N 118.430709 W,HTP_2_9_21,PAIRED,cDNA,METATRANSCRIPTOMIC,wastewater metagenome,ILLUMINA,2022-08-03T00:00:00Z,2022-03-19T05:12:00Z,1,HTP_2_9_21,SRP319776,
SRR18341021,RNA-Seq,202,4913063594,PRJNA729801,SAMN26732503,"MIMS.me,MIGS/MIMS/MIMARKS.wastewater",1579812324,UNIVERSITY OF CALIFORNIA: IRVINE,2021-02-10,public,"fastq,run.zq,sra","gs,ncbi,s3","gs.us-east1,ncbi.public,s3.us-east-1",wastewater,influent wastewater,Composite wastewater,SRX14477150,USA,North America,USA: California,Illumina NovaSeq 6000,33.925506 N 118.430709 W,HTP_2_10_21,PAIRED,cDNA,METATRANSCRIPTOMIC,wastewater metagenome,ILLUMINA,2022-08-03T00:00:00Z,2022-03-18T23:48:00Z,1,HTP_2_10_21,SRP319776,
SRR18341020,RNA-Seq,202,4156230194,PRJNA729801,SAMN26732504,"MIMS.me,MIGS/MIMS/MIMARKS.wastewater",1301884958,UNIVERSITY OF CALIFORNIA: IRVINE,2021-02-15,public,"fastq,run.zq,sra","gs,ncbi,s3","gs.us-east1,ncbi.public,s3.us-east-1",wastewater,influent wastewater,Composite wastewater,SRX14477151,USA,North America,USA: California,Illumina NovaSeq 6000,33.925506 N 118.430709 W,HTP_2_15_21,PAIRED,cDNA,METATRANSCRIPTOMIC,wastewater metagenome,ILLUMINA,2022-08-03T00:00:00Z,2022-03-18T23:40:00Z,1,HTP_2_15_21,SRP319776,
SRR18341019,RNA-Seq,202,4407139444,PRJNA729801,SAMN26732505,"MIMS.me,MIGS/MIMS/MIMARKS.wastewater",1390294772,UNIVERSITY OF CALIFORNIA: IRVINE,2021-02-16,public,"fastq,run.zq,sra","gs,ncbi,s3","gs.us-east1,ncbi.public,s3.us-east-1",wastewater,influent wastewater,Composite wastewater,SRX14477152,USA,North America,USA: California,Illumina NovaSeq 6000,33.925506 N 118.430709 W,HTP_2_16_21,PAIRED,cDNA,METATRANSCRIPTOMIC,wastewater metagenome,ILLUMINA,2022-08-03T00:00:00Z,2022-03-18T22:59:00Z,1,HTP_2_16_21,SRP319776,
SRR18341018,RNA-Seq,202,8516630474,PRJNA729801,SAMN26732506,"MIMS.me,MIGS/MIMS/MIMARKS.wastewater",2729510918,UNIVERSITY OF CALIFORNIA: IRVINE,2021-02-18,public,"fastq,run.zq,sra","gs,ncbi,s3","gs.us-east1,ncbi.public,s3.us-east-1",wastewater,influent wastewater,Composite wastewater,SRX14477153,USA,North America,USA: California,Illumina NovaSeq 6000,33.925506 N 118.430709 W,HTP_2_18_21,PAIRED,cDNA,METATRANSCRIPTOMIC,wastewater metagenome,ILLUMINA,2022-08-03T00:00:00Z,2022-03-19T07:44:00Z,1,HTP_2_18_21,SRP319776,
SRR18341015,RNA-Seq,202,3092547684,PRJNA729801,SAMN26732508,"MIMS.me,MIGS/MIMS/MIMARKS.wastewater",987881831,UNIVERSITY OF CALIFORNIA: IRVINE,2021-02-21,public,"fastq,run.zq,sra","gs,ncbi,s3","gs.us-east1,ncbi.public,s3.us-east-1",wastewater,influent wastewater,Composite wastewater,SRX14477156,USA,North America,USA: California,Illumina NovaSeq 6000,33.925506 N 118.430709 W,HTP_2_21_21,PAIRED,cDNA,METATRANSCRIPTOMIC,wastewater metagenome,ILLUMINA,2022-08-03T00:00:00Z,2022-03-19T00:51:00Z,1,HTP_2_21_21,SRP319776,
SRR18341014,RNA-Seq,202,4061225352,PRJNA729801,SAMN26732509,"MIMS.me,MIGS/MIMS/MIMARKS.wastewater",1283265779,UNIVERSITY OF CALIFORNIA: IRVINE,2021-02-23,public,"fastq,run.zq,sra","gs,ncbi,s3","gs.us-east1,ncbi.public,s3.us-east-1",wastewater,influent wastewater,Composite wastewater,SRX14477157,USA,North America,USA: California,Illumina NovaSeq 6000,33.925506 N 118.430709 W,HTP_2_23_21,PAIRED,cDNA,METATRANSCRIPTOMIC,wastewater metagenome,ILLUMINA,2022-08-03T00:00:00Z,2022-03-18T23:33:00Z,1,HTP_2_23_21,SRP319776,
SRR18340985,RNA-Seq,202,3920062298,PRJNA729801,SAMN26732510,"MIMS.me,MIGS/MIMS/MIMARKS.wastewater",1235141758,UNIVERSITY OF CALIFORNIA: IRVINE,2021-02-28,public,"fastq,run.zq,sra","gs,ncbi,s3","gs.us-east1,ncbi.public,s3.us-east-1",wastewater,influent wastewater,Composite wastewater,SRX14477186,USA,North America,USA: California,Illumina NovaSeq 6000,33.925506 N 118.430709 W,HTP_2_28_21,PAIRED,cDNA,METATRANSCRIPTOMIC,wastewater metagenome,ILLUMINA,2022-08-03T00:00:00Z,2022-03-18T22:55:00Z,1,HTP_2_28_21,SRP319776,
SRR18340976,RNA-Seq,202,3203227322,PRJNA729801,SAMN26732518,"MIMS.me,MIGS/MIMS/MIMARKS.wastewater",1007778742,UNIVERSITY OF CALIFORNIA: IRVINE,2021-03-02,public,"fastq,run.zq,sra","gs,ncbi,s3","gs.us-east1,ncbi.public,s3.us-east-1",wastewater,influent wastewater,Composite wastewater,SRX14477195,USA,North America,USA: California,Illumina NovaSeq 6000,33.925506 N 118.430709 W,HTP_3_2_21,PAIRED,cDNA,METATRANSCRIPTOMIC,wastewater metagenome,ILLUMINA,2022-08-03T00:00:00Z,2022-03-18T22:58:00Z,1,HTP_3_2_21,SRP319776,
SRR18340969,RNA-Seq,202,16472285738,PRJNA729801,SAMN26732525,"MIMS.me,MIGS/MIMS/MIMARKS.wastewater",5228305935,UNIVERSITY OF CALIFORNIA: IRVINE,2021-03-04,public,"fastq,run.zq,sra","gs,ncbi,s3","gs.us-east1,ncbi.public,s3.us-east-1",wastewater,influent wastewater,Composite wastewater,SRX14477202,USA,North America,USA: California,Illumina NovaSeq 6000,33.925506 N 118.430709 W,HTP_3_4_21,PAIRED,cDNA,METATRANSCRIPTOMIC,wastewater metagenome,ILLUMINA,2022-08-03T00:00:00Z,2022-03-18T23:39:00Z,1,HTP_3_4_21,SRP319776,
SRR18340968,RNA-Seq,202,9286115942,PRJNA729801,SAMN26732526,"MIMS.me,MIGS/MIMS/MIMARKS.wastewater",2968020290,UNIVERSITY OF CALIFORNIA: IRVINE,2021-03-07,public,"fastq,run.zq,sra","gs,ncbi,s3","gs.us-east1,ncbi.public,s3.us-east-1",wastewater,influent wastewater,Composite wastewater,SRX14477203,USA,North America,USA: California,Illumina NovaSeq 6000,33.925506 N 118.430709 W,HTP_3_7_21,PAIRED,cDNA,METATRANSCRIPTOMIC,wastewater metagenome,ILLUMINA,2022-08-03T00:00:00Z,2022-03-18T23:10:00Z,1,HTP_3_7_21,SRP319776,
SRR18340966,RNA-Seq,202,6664523986,PRJNA729801,SAMN26732527,"MIMS.me,MIGS/MIMS/MIMARKS.wastewater",2196021332,UNIVERSITY OF CALIFORNIA: IRVINE,2021-03-09,public,"fastq,run.zq,sra","gs,ncbi,s3","gs.us-east1,ncbi.public,s3.us-east-1",wastewater,influent wastewater,Composite wastewater,SRX14477205,USA,North America,USA: California,Illumina NovaSeq 6000,33.925506 N 118.430709 W,HTP_3_9_21,PAIRED,cDNA,METATRANSCRIPTOMIC,wastewater metagenome,ILLUMINA,2022-08-03T00:00:00Z,2022-03-18T23:09:00Z,1,HTP_3_9_21,SRP319776,
SRR18340981,RNA-Seq,202,17957317018,PRJNA729801,SAMN26732514,"MIMS.me,MIGS/MIMS/MIMARKS.wastewater",5720603947,UNIVERSITY OF CALIFORNIA: IRVINE,2021-03-11,public,"fastq,run.zq,sra","gs,ncbi,s3","gs.us-east1,ncbi.public,s3.us-east-1",wastewater,influent wastewater,Composite wastewater,SRX14477190,USA,North America,USA: California,Illumina NovaSeq 6000,33.925506 N 118.430709 W,HTP_3_11_21,PAIRED,cDNA,METATRANSCRIPTOMIC,wastewater metagenome,ILLUMINA,2022-08-03T00:00:00Z,2022-03-23T07:16:00Z,1,HTP_3_11_21,SRP319776,
SRR18340980,RNA-Seq,202,10935802270,PRJNA729801,SAMN26732515,"MIMS.me,MIGS/MIMS/MIMARKS.wastewater",3468464702,UNIVERSITY OF CALIFORNIA: IRVINE,2021-03-14,public,"fastq,run.zq,sra","gs,ncbi,s3","gs.us-east1,ncbi.public,s3.us-east-1",wastewater,influent wastewater,Composite wastewater,SRX14477191,USA,North America,USA: California,Illumina NovaSeq 6000,33.925506 N 118.430709 W,HTP_3_14_21,PAIRED,cDNA,METATRANSCRIPTOMIC,wastewater metagenome,ILLUMINA,2022-08-03T00:00:00Z,2022-03-18T23:30:00Z,1,HTP_3_14_21,SRP319776,
SRR18340979,RNA-Seq,202,8135531012,PRJNA729801,SAMN26732516,"MIMS.me,MIGS/MIMS/MIMARKS.wastewater",2532829045,UNIVERSITY OF CALIFORNIA: IRVINE,2021-03-16,public,"fastq,run.zq,sra","gs,ncbi,s3","gs.us-east1,ncbi.public,s3.us-east-1",wastewater,influent wastewater,Composite wastewater,SRX14477192,USA,North America,USA: California,Illumina NovaSeq 6000,33.925506 N 118.430709 W,HTP_3_16_21,PAIRED,cDNA,METATRANSCRIPTOMIC,wastewater metagenome,ILLUMINA,2022-08-03T00:00:00Z,2022-03-18T23:19:00Z,1,HTP_3_16_21,SRP319776,
SRR18340977,RNA-Seq,202,5737489628,PRJNA729801,SAMN26732517,"MIMS.me,MIGS/MIMS/MIMARKS.wastewater",1809936310,UNIVERSITY OF CALIFORNIA: IRVINE,2021-03-18,public,"fastq,run.zq,sra","gs,ncbi,s3","gs.us-east1,ncbi.public,s3.us-east-1",wastewater,influent wastewater,Composite wastewater,SRX14477194,USA,North America,USA: California,Illumina NovaSeq 6000,33.925506 N 118.430709 W,HTP_3_18_2021,PAIRED,cDNA,METATRANSCRIPTOMIC,wastewater metagenome,ILLUMINA,2022-08-03T00:00:00Z,2022-03-18T22:59:00Z,1,HTP_3_18_2021,SRP319776,
SRR18340975,RNA-Seq,202,4233153208,PRJNA729801,SAMN26732519,"MIMS.me,MIGS/MIMS/MIMARKS.wastewater",1369087421,UNIVERSITY OF CALIFORNIA: IRVINE,2021-03-21,public,"fastq,run.zq,sra","gs,ncbi,s3","gs.us-east1,ncbi.public,s3.us-east-1",wastewater,influent wastewater,Composite wastewater,SRX14477196,USA,North America,USA: California,Illumina NovaSeq 6000,33.925506 N 118.430709 W,HTP_3_21_2021,PAIRED,cDNA,METATRANSCRIPTOMIC,wastewater metagenome,ILLUMINA,2022-08-03T00:00:00Z,2022-03-18T23:39:00Z,1,HTP_3_21_2021,SRP319776,
SRR18340974,RNA-Seq,202,4867333622,PRJNA729801,SAMN26732520,"MIMS.me,MIGS/MIMS/MIMARKS.wastewater",1541777485,UNIVERSITY OF CALIFORNIA: IRVINE,2021-03-23,public,"fastq,run.zq,sra","gs,ncbi,s3","gs.us-east1,ncbi.public,s3.us-east-1",wastewater,influent wastewater,Composite wastewater,SRX14477197,USA,North America,USA: California,Illumina NovaSeq 6000,33.925506 N 118.430709 W,HTP_3_23_2021,PAIRED,cDNA,METATRANSCRIPTOMIC,wastewater metagenome,ILLUMINA,2022-08-03T00:00:00Z,2022-03-18T22:58:00Z,1,HTP_3_23_2021,SRP319776,
SRR18340973,RNA-Seq,202,3498509508,PRJNA729801,SAMN26732521,"MIMS.me,MIGS/MIMS/MIMARKS.wastewater",1105391122,UNIVERSITY OF CALIFORNIA: IRVINE,2021-03-25,public,"fastq,run.zq,sra","gs,ncbi,s3","gs.us-east1,ncbi.public,s3.us-east-1",wastewater,influent wastewater,Composite wastewater,SRX14477198,USA,North America,USA: California,Illumina NovaSeq 6000,33.925506 N 118.430709 W,HTP_3_25_2021,PAIRED,cDNA,METATRANSCRIPTOMIC,wastewater metagenome,ILLUMINA,2022-08-03T00:00:00Z,2022-03-18T22:59:00Z,1,HTP_3_25_2021,SRP319776,
SRR18340972,RNA-Seq,202,3870154966,PRJNA729801,SAMN26732522,"MIMS.me,MIGS/MIMS/MIMARKS.wastewater",1230131997,UNIVERSITY OF CALIFORNIA: IRVINE,2021-03-29,public,"fastq,run.zq,sra","gs,ncbi,s3","gs.us-east1,ncbi.public,s3.us-east-1",wastewater,influent wastewater,Composite wastewater,SRX14477199,USA,North America,USA: California,Illumina NovaSeq 6000,33.925506 N 118.430709 W,HTP_3_29_2021,PAIRED,cDNA,METATRANSCRIPTOMIC,wastewater metagenome,ILLUMINA,2022-08-03T00:00:00Z,2022-03-18T22:57:00Z,1,HTP_3_29_2021,SRP319776,
SRR18340971,RNA-Seq,202,5100532320,PRJNA729801,SAMN26732523,"MIMS.me,MIGS/MIMS/MIMARKS.wastewater",1587974414,UNIVERSITY OF CALIFORNIA: IRVINE,2021-03-30,public,"fastq,run.zq,sra","gs,ncbi,s3","gs.us-east1,ncbi.public,s3.us-east-1",wastewater,influent wastewater,Composite wastewater,SRX14477200,USA,North America,USA: California,Illumina NovaSeq 6000,33.925506 N 118.430709 W,HTP_3_30_2021,PAIRED,cDNA,METATRANSCRIPTOMIC,wastewater metagenome,ILLUMINA,2022-08-03T00:00:00Z,2022-03-18T23:06:00Z,1,HTP_3_30_2021,SRP319776,
SRR18340970,RNA-Seq,202,4063597640,PRJNA729801,SAMN26732524,"MIMS.me,MIGS/MIMS/MIMARKS.wastewater",1293281863,UNIVERSITY OF CALIFORNIA: IRVINE,2021-03-31,public,"fastq,run.zq,sra","gs,ncbi,s3","gs.us-east1,ncbi.public,s3.us-east-1",wastewater,influent wastewater,Composite wastewater,SRX14477201,USA,North America,USA: California,Illumina NovaSeq 6000,33.925506 N 118.430709 W,HTP_3_31_2021,PAIRED,cDNA,METATRANSCRIPTOMIC,wastewater metagenome,ILLUMINA,2022-08-03T00:00:00Z,2022-03-19T01:26:00Z,1,HTP_3_31_2021,SRP319776,
SRR18340960,RNA-Seq,202,6761764766,PRJNA729801,SAMN26732533,"MIMS.me,MIGS/MIMS/MIMARKS.wastewater",2171430864,UNIVERSITY OF CALIFORNIA: IRVINE,2021-04-04,public,"fastq,run.zq,sra","gs,ncbi,s3","gs.us-east1,ncbi.public,s3.us-east-1",wastewater,influent wastewater,Composite wastewater,SRX14477211,USA,North America,USA: California,Illumina NovaSeq 6000,33.925506 N 118.430709 W,HTP_4_4_2021,PAIRED,cDNA,METATRANSCRIPTOMIC,wastewater metagenome,ILLUMINA,2022-08-03T00:00:00Z,2022-03-18T23:54:00Z,1,HTP_4_4_2021,SRP319776,
SRR18340959,RNA-Seq,202,6723253466,PRJNA729801,SAMN26732534,"MIMS.me,MIGS/MIMS/MIMARKS.wastewater",2146467423,UNIVERSITY OF CALIFORNIA: IRVINE,2021-04-06,public,"fastq,run.zq,sra","gs,ncbi,s3","gs.us-east1,ncbi.public,s3.us-east-1",wastewater,influent wastewater,Composite wastewater,SRX14477212,USA,North America,USA: California,Illumina NovaSeq 6000,33.925506 N 118.430709 W,HTP_4_6_2021,PAIRED,cDNA,METATRANSCRIPTOMIC,wastewater metagenome,ILLUMINA,2022-08-03T00:00:00Z,2022-03-19T00:51:00Z,1,HTP_4_6_2021,SRP319776,
SRR18340958,RNA-Seq,202,5303183366,PRJNA729801,SAMN26732535,"MIMS.me,MIGS/MIMS/MIMARKS.wastewater",1724089745,UNIVERSITY OF CALIFORNIA: IRVINE,2021-04-08,public,"fastq,run.zq,sra","gs,ncbi,s3","gs.us-east1,ncbi.public,s3.us-east-1",wastewater,influent wastewater,Composite wastewater,SRX14477213,USA,North America,USA: California,Illumina NovaSeq 6000,33.925506 N 118.430709 W,HTP_4_8_2021,PAIRED,cDNA,METATRANSCRIPTOMIC,wastewater metagenome,ILLUMINA,2022-08-03T00:00:00Z,2022-03-18T23:04:00Z,1,HTP_4_8_2021,SRP319776,
SRR18340965,RNA-Seq,202,3267519074,PRJNA729801,SAMN26732528,"MIMS.me,MIGS/MIMS/MIMARKS.wastewater",1057239400,UNIVERSITY OF CALIFORNIA: IRVINE,2021-04-15,public,"fastq,run.zq,sra","gs,ncbi,s3","gs.us-east1,ncbi.public,s3.us-east-1",wastewater,influent wastewater,Composite wastewater,SRX14477206,USA,North America,USA: California,Illumina NovaSeq 6000,33.925506 N 118.430709 W,HTP_4_15_2021,PAIRED,cDNA,METATRANSCRIPTOMIC,wastewater metagenome,ILLUMINA,2022-08-03T00:00:00Z,2022-03-18T23:29:00Z,1,HTP_4_15_2021,SRP319776,
SRR18340964,RNA-Seq,202,4540057262,PRJNA729801,SAMN26732529,"MIMS.me,MIGS/MIMS/MIMARKS.wastewater",1420235159,UNIVERSITY OF CALIFORNIA: IRVINE,2021-04-22,public,"fastq,run.zq,sra","gs,ncbi,s3","gs.us-east1,ncbi.public,s3.us-east-1",wastewater,influent wastewater,Composite wastewater,SRX14477207,USA,North America,USA: California,Illumina NovaSeq 6000,33.925506 N 118.430709 W,HTP_4_22_2021,PAIRED,cDNA,METATRANSCRIPTOMIC,wastewater metagenome,ILLUMINA,2022-08-03T00:00:00Z,2022-03-18T23:45:00Z,1,HTP_4_22_2021,SRP319776,
SRR18340963,RNA-Seq,202,4889438078,PRJNA729801,SAMN26732530,"MIMS.me,MIGS/MIMS/MIMARKS.wastewater",1538430780,UNIVERSITY OF CALIFORNIA: IRVINE,2021-04-25,public,"fastq,run.zq,sra","gs,ncbi,s3","gs.us-east1,ncbi.public,s3.us-east-1",wastewater,influent wastewater,Composite wastewater,SRX14477208,USA,North America,USA: California,Illumina NovaSeq 6000,33.925506 N 118.430709 W,HTP_4_25_2021,PAIRED,cDNA,METATRANSCRIPTOMIC,wastewater metagenome,ILLUMINA,2022-08-03T00:00:00Z,2022-03-18T22:57:00Z,1,HTP_4_25_2021,SRP319776,
SRR18340962,RNA-Seq,202,5401708866,PRJNA729801,SAMN26732531,"MIMS.me,MIGS/MIMS/MIMARKS.wastewater",1705811125,UNIVERSITY OF CALIFORNIA: IRVINE,2021-04-26,public,"fastq,run.zq,sra","gs,ncbi,s3","gs.us-east1,ncbi.public,s3.us-east-1",wastewater,influent wastewater,Composite wastewater,SRX14477209,USA,North America,USA: California,Illumina NovaSeq 6000,33.925506 N 118.430709 W,HTP_4_26_2021,PAIRED,cDNA,METATRANSCRIPTOMIC,wastewater metagenome,ILLUMINA,2022-08-03T00:00:00Z,2022-03-18T23:01:00Z,1,HTP_4_26_2021,SRP319776,
SRR18340961,RNA-Seq,202,3662414126,PRJNA729801,SAMN26732532,"MIMS.me,MIGS/MIMS/MIMARKS.wastewater",1172297639,UNIVERSITY OF CALIFORNIA: IRVINE,2021-04-29,public,"fastq,run.zq,sra","gs,ncbi,s3","gs.us-east1,ncbi.public,s3.us-east-1",wastewater,influent wastewater,Composite wastewater,SRX14477210,USA,North America,USA: California,Illumina NovaSeq 6000,33.925506 N 118.430709 W,HTP_4_29_2021,PAIRED,cDNA,METATRANSCRIPTOMIC,wastewater metagenome,ILLUMINA,2022-08-03T00:00:00Z,2022-03-18T22:53:00Z,1,HTP_4_29_2021,SRP319776,
SRR18341076,RNA-Seq,202,5652334710,PRJNA729801,SAMN26732540,"MIMS.me,MIGS/MIMS/MIMARKS.wastewater",1795826599,UNIVERSITY OF CALIFORNIA: IRVINE,2021-05-02,public,"fastq,run.zq,sra","gs,ncbi,s3","gs.us-east1,ncbi.public,s3.us-east-1",wastewater,influent wastewater,Composite wastewater,SRX14477095,USA,North America,USA: California,Illumina NovaSeq 6000,33.925506 N 118.430709 W,HTP_5_2_2021,PAIRED,cDNA,METATRANSCRIPTOMIC,wastewater metagenome,ILLUMINA,2022-08-03T00:00:00Z,2022-03-19T02:23:00Z,1,HTP_5_2_2021,SRP319776,
SRR18341070,RNA-Seq,202,4248806592,PRJNA729801,SAMN26732546,"MIMS.me,MIGS/MIMS/MIMARKS.wastewater",1338676759,UNIVERSITY OF CALIFORNIA: IRVINE,2021-05-04,public,"fastq,run.zq,sra","gs,ncbi,s3","gs.us-east1,ncbi.public,s3.us-east-1",wastewater,influent wastewater,Composite wastewater,SRX14477101,USA,North America,USA: California,Illumina NovaSeq 6000,33.925506 N 118.430709 W,HTP_5_4_2021,PAIRED,cDNA,METATRANSCRIPTOMIC,wastewater metagenome,ILLUMINA,2022-08-03T00:00:00Z,2022-03-18T23:43:00Z,1,HTP_5_4_2021,SRP319776,
SRR18341134,RNA-Seq,202,3641708318,PRJNA729801,SAMN26732547,"MIMS.me,MIGS/MIMS/MIMARKS.wastewater",1141228870,UNIVERSITY OF CALIFORNIA: IRVINE,2021-05-06,public,"fastq,run.zq,sra","gs,ncbi,s3","gs.us-east1,ncbi.public,s3.us-east-1",wastewater,influent wastewater,Composite wastewater,SRX14477037,USA,North America,USA: California,Illumina NovaSeq 6000,33.925506 N 118.430709 W,HTP_5_6_2021,PAIRED,cDNA,METATRANSCRIPTOMIC,wastewater metagenome,ILLUMINA,2022-08-03T00:00:00Z,2022-03-18T23:18:00Z,1,HTP_5_6_2021,SRP319776,
SRR18341133,RNA-Seq,202,3882278400,PRJNA729801,SAMN26732548,"MIMS.me,MIGS/MIMS/MIMARKS.wastewater",1233702048,UNIVERSITY OF CALIFORNIA: IRVINE,2021-05-09,public,"fastq,run.zq,sra","gs,ncbi,s3","gs.us-east1,ncbi.public,s3.us-east-1",wastewater,influent wastewater,Composite wastewater,SRX14477038,USA,North America,USA: California,Illumina NovaSeq 6000,33.925506 N 118.430709 W,HTP_5_9_2021,PAIRED,cDNA,METATRANSCRIPTOMIC,wastewater metagenome,ILLUMINA,2022-08-03T00:00:00Z,2022-03-18T23:19:00Z,1,HTP_5_9_2021,SRP319776,
SRR18341081,RNA-Seq,202,3732914146,PRJNA729801,SAMN26732536,"MIMS.me,MIGS/MIMS/MIMARKS.wastewater",1190298648,UNIVERSITY OF CALIFORNIA: IRVINE,2021-05-11,public,"fastq,run.zq,sra","gs,ncbi,s3","gs.us-east1,ncbi.public,s3.us-east-1",wastewater,influent wastewater,Composite wastewater,SRX14477090,USA,North America,USA: California,Illumina NovaSeq 6000,33.925506 N 118.430709 W,HTP_5_11_2021,PAIRED,cDNA,METATRANSCRIPTOMIC,wastewater metagenome,ILLUMINA,2022-08-03T00:00:00Z,2022-03-18T23:41:00Z,1,HTP_5_11_2021,SRP319776,
SRR18341079,RNA-Seq,202,3865345548,PRJNA729801,SAMN26732537,"MIMS.me,MIGS/MIMS/MIMARKS.wastewater",1210019139,UNIVERSITY OF CALIFORNIA: IRVINE,2021-05-13,public,"fastq,run.zq,sra","gs,ncbi,s3","gs.us-east1,ncbi.public,s3.us-east-1",wastewater,influent wastewater,Composite wastewater,SRX14477092,USA,North America,USA: California,Illumina NovaSeq 6000,33.925506 N 118.430709 W,HTP_5_13_2021,PAIRED,cDNA,METATRANSCRIPTOMIC,wastewater metagenome,ILLUMINA,2022-08-03T00:00:00Z,2022-03-19T01:08:00Z,1,HTP_5_13_2021,SRP319776,
SRR18341078,RNA-Seq,202,12753892362,PRJNA729801,SAMN26732538,"MIMS.me,MIGS/MIMS/MIMARKS.wastewater",4050475026,UNIVERSITY OF CALIFORNIA: IRVINE,2021-05-16,public,"fastq,run.zq,sra","gs,ncbi,s3","gs.us-east1,ncbi.public,s3.us-east-1",wastewater,influent wastewater,Composite wastewater,SRX14477093,USA,North America,USA: California,Illumina NovaSeq 6000,33.925506 N 118.430709 W,HTP_5_16_2021,PAIRED,cDNA,METATRANSCRIPTOMIC,wastewater metagenome,ILLUMINA,2022-08-03T00:00:00Z,2022-03-19T09:44:00Z,1,HTP_5_16_2021,SRP319776,
SRR18341077,RNA-Seq,202,12213421364,PRJNA729801,SAMN26732539,"MIMS.me,MIGS/MIMS/MIMARKS.wastewater",3934507579,UNIVERSITY OF CALIFORNIA: IRVINE,2021-05-18,public,"fastq,run.zq,sra","gs,ncbi,s3","gs.us-east1,ncbi.public,s3.us-east-1",wastewater,influent wastewater,Composite wastewater,SRX14477094,USA,North America,USA: California,Illumina NovaSeq 6000,33.925506 N 118.430709 W,HTP_5_18_2021,PAIRED,cDNA,METATRANSCRIPTOMIC,wastewater metagenome,ILLUMINA,2022-08-03T00:00:00Z,2022-03-18T23:55:00Z,1,HTP_5_18_2021,SRP319776,
SRR18341075,RNA-Seq,202,10921375228,PRJNA729801,SAMN26732541,"MIMS.me,MIGS/MIMS/MIMARKS.wastewater",3425775720,UNIVERSITY OF CALIFORNIA: IRVINE,2021-05-20,public,"fastq,run.zq,sra","gs,ncbi,s3","gs.us-east1,ncbi.public,s3.us-east-1",wastewater,influent wastewater,Composite wastewater,SRX14477096,USA,North America,USA: California,Illumina NovaSeq 6000,33.925506 N 118.430709 W,HTP_5_20_2021,PAIRED,cDNA,METATRANSCRIPTOMIC,wastewater metagenome,ILLUMINA,2022-08-03T00:00:00Z,2022-03-19T00:39:00Z,1,HTP_5_20_2021,SRP319776,
SRR18341074,RNA-Seq,202,10776548096,PRJNA729801,SAMN26732542,"MIMS.me,MIGS/MIMS/MIMARKS.wastewater",3523005262,UNIVERSITY OF CALIFORNIA: IRVINE,2021-05-23,public,"fastq,run.zq,sra","gs,ncbi,s3","gs.us-east1,ncbi.public,s3.us-east-1",wastewater,influent wastewater,Composite wastewater,SRX14477097,USA,North America,USA: California,Illumina NovaSeq 6000,33.925506 N 118.430709 W,HTP_5_23_2021,PAIRED,cDNA,METATRANSCRIPTOMIC,wastewater metagenome,ILLUMINA,2022-08-03T00:00:00Z,2022-03-19T07:00:00Z,1,HTP_5_23_2021,SRP319776,
SRR18341073,RNA-Seq,202,6560362686,PRJNA729801,SAMN26732543,"MIMS.me,MIGS/MIMS/MIMARKS.wastewater",2114174147,UNIVERSITY OF CALIFORNIA: IRVINE,2021-05-24,public,"fastq,run.zq,sra","gs,ncbi,s3","gs.us-east1,ncbi.public,s3.us-east-1",wastewater,influent wastewater,Composite wastewater,SRX14477098,USA,North America,USA: California,Illumina NovaSeq 6000,33.925506 N 118.430709 W,HTP_5_24_2021,PAIRED,cDNA,METATRANSCRIPTOMIC,wastewater metagenome,ILLUMINA,2022-08-03T00:00:00Z,2022-03-18T23:10:00Z,1,HTP_5_24_2021,SRP319776,
SRR18341072,RNA-Seq,202,8393603384,PRJNA729801,SAMN26732544,"MIMS.me,MIGS/MIMS/MIMARKS.wastewater",2805311130,UNIVERSITY OF CALIFORNIA: IRVINE,2021-05-25,public,"fastq,run.zq,sra","gs,ncbi,s3","gs.us-east1,ncbi.public,s3.us-east-1",wastewater,influent wastewater,Composite wastewater,SRX14477099,USA,North America,USA: California,Illumina NovaSeq 6000,33.925506 N 118.430709 W,HTP_5_25_2021,PAIRED,cDNA,METATRANSCRIPTOMIC,wastewater metagenome,ILLUMINA,2022-08-03T00:00:00Z,2022-03-19T00:42:00Z,1,HTP_5_25_2021,SRP319776,
SRR18341071,RNA-Seq,202,9203209082,PRJNA729801,SAMN26732545,"MIMS.me,MIGS/MIMS/MIMARKS.wastewater",3004376175,UNIVERSITY OF CALIFORNIA: IRVINE,2021-05-31,public,"fastq,run.zq,sra","gs,ncbi,s3","gs.us-east1,ncbi.public,s3.us-east-1",wastewater,influent wastewater,Composite wastewater,SRX14477100,USA,North America,USA: California,Illumina NovaSeq 6000,33.925506 N 118.430709 W,HTP_5_31_2021,PAIRED,cDNA,METATRANSCRIPTOMIC,wastewater metagenome,ILLUMINA,2022-08-03T00:00:00Z,2022-03-18T23:20:00Z,1,HTP_5_31_2021,SRP319776,
SRR18341132,RNA-Seq,202,10901261280,PRJNA729801,SAMN26732549,"MIMS.me,MIGS/MIMS/MIMARKS.wastewater",3642795014,UNIVERSITY OF CALIFORNIA: IRVINE,2021-06-01,public,"fastq,run.zq,sra","gs,ncbi,s3","gs.us-east1,ncbi.public,s3.us-east-1",wastewater,influent wastewater,Composite wastewater,SRX14477039,USA,North America,USA: California,Illumina NovaSeq 6000,33.925506 N 118.430709 W,HTP_6_1_2021,PAIRED,cDNA,METATRANSCRIPTOMIC,wastewater metagenome,ILLUMINA,2022-08-03T00:00:00Z,2022-03-19T00:09:00Z,1,HTP_6_1_2021,SRP319776,
SRR18341126,RNA-Seq,202,6311003382,PRJNA729801,SAMN26732555,"MIMS.me,MIGS/MIMS/MIMARKS.wastewater",2023597219,UNIVERSITY OF CALIFORNIA: IRVINE,2021-06-03,public,"fastq,run.zq,sra","gs,ncbi,s3","gs.us-east1,ncbi.public,s3.us-east-1",wastewater,influent wastewater,Composite wastewater,SRX14477045,USA,North America,USA: California,Illumina NovaSeq 6000,33.925506 N 118.430709 W,HTP_6_3_2021,PAIRED,cDNA,METATRANSCRIPTOMIC,wastewater metagenome,ILLUMINA,2022-08-03T00:00:00Z,2022-03-19T00:23:00Z,1,HTP_6_3_2021,SRP319776,
SRR18341125,RNA-Seq,202,10251114988,PRJNA729801,SAMN26732556,"MIMS.me,MIGS/MIMS/MIMARKS.wastewater",3253295970,UNIVERSITY OF CALIFORNIA: IRVINE,2021-06-06,public,"fastq,run.zq,sra","gs,ncbi,s3","gs.us-east1,ncbi.public,s3.us-east-1",wastewater,influent wastewater,Composite wastewater,SRX14477046,USA,North America,USA: California,Illumina NovaSeq 6000,33.925506 N 118.430709 W,HTP_6_6_2021,PAIRED,cDNA,METATRANSCRIPTOMIC,wastewater metagenome,ILLUMINA,2022-08-03T00:00:00Z,2022-03-18T23:53:00Z,1,HTP_6_6_2021,SRP319776,
SRR18341131,RNA-Seq,202,7159168456,PRJNA729801,SAMN26732550,"MIMS.me,MIGS/MIMS/MIMARKS.wastewater",2223661179,UNIVERSITY OF CALIFORNIA: IRVINE,2021-06-10,public,"fastq,run.zq,sra","gs,ncbi,s3","gs.us-east1,ncbi.public,s3.us-east-1",wastewater,influent wastewater,Composite wastewater,SRX14477040,USA,North America,USA: California,Illumina NovaSeq 6000,33.925506 N 118.430709 W,HTP_6_10_2021,PAIRED,cDNA,METATRANSCRIPTOMIC,wastewater metagenome,ILLUMINA,2022-08-03T00:00:00Z,2022-03-18T23:28:00Z,1,HTP_6_10_2021,SRP319776,
SRR18341130,RNA-Seq,202,5773386644,PRJNA729801,SAMN26732551,"MIMS.me,MIGS/MIMS/MIMARKS.wastewater",1816845481,UNIVERSITY OF CALIFORNIA: IRVINE,2021-06-15,public,"fastq,run.zq,sra","gs,ncbi,s3","gs.us-east1,ncbi.public,s3.us-east-1",wastewater,influent wastewater,Composite wastewater,SRX14477041,USA,North America,USA: California,Illumina NovaSeq 6000,33.925506 N 118.430709 W,HTP_6_15_2021,PAIRED,cDNA,METATRANSCRIPTOMIC,wastewater metagenome,ILLUMINA,2022-08-03T00:00:00Z,2022-03-19T05:16:00Z,1,HTP_6_15_2021,SRP319776,
SRR18341129,RNA-Seq,202,5723103188,PRJNA729801,SAMN26732552,"MIMS.me,MIGS/MIMS/MIMARKS.wastewater",1820987984,UNIVERSITY OF CALIFORNIA: IRVINE,2021-06-20,public,"fastq,run.zq,sra","gs,ncbi,s3","gs.us-east1,ncbi.public,s3.us-east-1",wastewater,influent wastewater,Composite wastewater,SRX14477042,USA,North America,USA: California,Illumina NovaSeq 6000,33.925506 N 118.430709 W,HTP_6_20_2021,PAIRED,cDNA,METATRANSCRIPTOMIC,wastewater metagenome,ILLUMINA,2022-08-03T00:00:00Z,2022-03-19T04:40:00Z,1,HTP_6_20_2021,SRP319776,
SRR18341128,RNA-Seq,202,6803557758,PRJNA729801,SAMN26732553,"MIMS.me,MIGS/MIMS/MIMARKS.wastewater",2158384460,UNIVERSITY OF CALIFORNIA: IRVINE,2021-06-24,public,"fastq,run.zq,sra","gs,ncbi,s3","gs.us-east1,ncbi.public,s3.us-east-1",wastewater,influent wastewater,Composite wastewater,SRX14477043,USA,North America,USA: California,Illumina NovaSeq 6000,33.925506 N 118.430709 W,HTP_6_24_2021,PAIRED,cDNA,METATRANSCRIPTOMIC,wastewater metagenome,ILLUMINA,2022-08-03T00:00:00Z,2022-03-18T23:30:00Z,1,HTP_6_24_2021,SRP319776,
SRR18341127,RNA-Seq,202,9236567968,PRJNA729801,SAMN26732554,"MIMS.me,MIGS/MIMS/MIMARKS.wastewater",2894220361,UNIVERSITY OF CALIFORNIA: IRVINE,2021-06-27,public,"fastq,run.zq,sra","gs,ncbi,s3","gs.us-east1,ncbi.public,s3.us-east-1",wastewater,influent wastewater,Composite wastewater,SRX14477044,USA,North America,USA: California,Illumina NovaSeq 6000,33.925506 N 118.430709 W,HTP_6_27_2021,PAIRED,cDNA,METATRANSCRIPTOMIC,wastewater metagenome,ILLUMINA,2022-08-03T00:00:00Z,2022-03-19T00:58:00Z,1,HTP_6_27_2021,SRP319776,
SRR18341123,RNA-Seq,202,8726740976,PRJNA729801,SAMN26732557,"MIMS.me,MIGS/MIMS/MIMARKS.wastewater",2747032066,UNIVERSITY OF CALIFORNIA: IRVINE,2021-07-01,public,"fastq,run.zq,sra","gs,ncbi,s3","gs.us-east1,ncbi.public,s3.us-east-1",wastewater,influent wastewater,Composite wastewater,SRX14477048,USA,North America,USA: California,Illumina NovaSeq 6000,33.925506 N 118.430709 W,HTP_7_1_2021,PAIRED,cDNA,METATRANSCRIPTOMIC,wastewater metagenome,ILLUMINA,2022-08-03T00:00:00Z,2022-03-19T01:11:00Z,1,HTP_7_1_2021,SRP319776,
SRR18341118,RNA-Seq,202,5443193404,PRJNA729801,SAMN26732562,"MIMS.me,MIGS/MIMS/MIMARKS.wastewater",1722566505,UNIVERSITY OF CALIFORNIA: IRVINE,2021-07-08,public,"fastq,run.zq,sra","gs,ncbi,s3","gs.us-east1,ncbi.public,s3.us-east-1",wastewater,influent wastewater,Composite wastewater,SRX14477053,USA,North America,USA: California,Illumina NovaSeq 6000,33.925506 N 118.430709 W,HTP_7_8_2021,PAIRED,cDNA,METATRANSCRIPTOMIC,wastewater metagenome,ILLUMINA,2022-08-03T00:00:00Z,2022-03-18T23:30:00Z,1,HTP_7_8_2021,SRP319776,
SRR18341122,RNA-Seq,202,5986559264,PRJNA729801,SAMN26732558,"MIMS.me,MIGS/MIMS/MIMARKS.wastewater",1876936189,UNIVERSITY OF CALIFORNIA: IRVINE,2021-07-13,public,"fastq,run.zq,sra","gs,ncbi,s3","gs.us-east1,ncbi.public,s3.us-east-1",wastewater,influent wastewater,Composite wastewater,SRX14477049,USA,North America,USA: California,Illumina NovaSeq 6000,33.925506 N 118.430709 W,HTP_7_13_2021,PAIRED,cDNA,METATRANSCRIPTOMIC,wastewater metagenome,ILLUMINA,2022-08-03T00:00:00Z,2022-03-18T23:23:00Z,1,HTP_7_13_2021,SRP319776,
SRR18341121,RNA-Seq,202,7287829124,PRJNA729801,SAMN26732559,"MIMS.me,MIGS/MIMS/MIMARKS.wastewater",2299815529,UNIVERSITY OF CALIFORNIA: IRVINE,2021-07-15,public,"fastq,run.zq,sra","gs,ncbi,s3","gs.us-east1,ncbi.public,s3.us-east-1",wastewater,influent wastewater,Composite wastewater,SRX14477050,USA,North America,USA: California,Illumina NovaSeq 6000,33.925506 N 118.430709 W,HTP_7_15_2021,PAIRED,cDNA,METATRANSCRIPTOMIC,wastewater metagenome,ILLUMINA,2022-08-03T00:00:00Z,2022-03-18T23:45:00Z,1,HTP_7_15_2021,SRP319776,
SRR18341120,RNA-Seq,202,6667282296,PRJNA729801,SAMN26732560,"MIMS.me,MIGS/MIMS/MIMARKS.wastewater",2087116447,UNIVERSITY OF CALIFORNIA: IRVINE,2021-07-22,public,"fastq,run.zq,sra","gs,ncbi,s3","gs.us-east1,ncbi.public,s3.us-east-1",wastewater,influent wastewater,Composite wastewater,SRX14477051,USA,North America,USA: California,Illumina NovaSeq 6000,33.925506 N 118.430709 W,HTP_7_22_2021,PAIRED,cDNA,METATRANSCRIPTOMIC,wastewater metagenome,ILLUMINA,2022-08-03T00:00:00Z,2022-03-18T23:45:00Z,1,HTP_7_22_2021,SRP319776,
SRR18341119,RNA-Seq,202,8865736570,PRJNA729801,SAMN26732561,"MIMS.me,MIGS/MIMS/MIMARKS.wastewater",2791193780,UNIVERSITY OF CALIFORNIA: IRVINE,2021-07-29,public,"fastq,run.zq,sra","gs,ncbi,s3","gs.us-east1,ncbi.public,s3.us-east-1",wastewater,influent wastewater,Composite wastewater,SRX14477052,USA,North America,USA: California,Illumina NovaSeq 6000,33.925506 N 118.430709 W,HTP_7_29_2021,PAIRED,cDNA,METATRANSCRIPTOMIC,wastewater metagenome,ILLUMINA,2022-08-03T00:00:00Z,2022-03-18T23:43:00Z,1,HTP_7_29_2021,SRP319776,
